{
    "modelVersion": "2023-10-01",
    "metadata": {
        "width": 5712,
        "height": 4284
    },
    "peopleResult": {
        "values": [
            {
                "boundingBox": {
                    "x": 2107,
                    "y": 2988,
                    "w": 262,
                    "h": 575
                },
                "confidence": 0.9015575051307678
            },
            {
                "boundingBox": {
                    "x": 2979, 
                    "y": 2901,
                    "w": 521,
                    "h": 806
                },
                "confidence": 0.9010461568832397
            },
            {
                "boundingBox": {
                    "x": 3400,
                    "y": 2903,
                    "w": 284,
                    "h": 670
                },
                "confidence": 0.8935399651527405
            },
            {
                "boundingBox": {
                    "x": 3813, 
                    "y": 2855,
                    "w": 334,
                    "h": 698
                },
                "confidence": 0.8905978798866272
            },
            {
                "boundingBox": {
                    "x": 4182,
                    "y": 2855,
                    "w": 138,
                    "h": 282
                },
                "confidence": 0.6926904916763306
            },
            {
                "boundingBox": {
                    "x": 4478,
                    "y": 2855,
                    "w": 238,
                    "h": 324
                },
                "confidence": 0.6622521281242371
            },
            {
                "boundingBox": {
                    "x": 3730,
                    "y": 2873,
                    "w": 148,
                    "h": 180
                },
                "confidence": 0.0466262511909008
            },
            {
                "boundingBox": {
                    "x": 5093,
                    "y": 2877,
                    "w": 38,
                    "h": 63
                },
                "confidence": 0.022416044026613235
            },
            {
                "boundingBox": {
                    "x": 4373,
                    "y": 2832,
                    "w": 214,
                    "h": 495
                },
                "confidence": 0.015827104449272156
            },
            {
                "boundingBox": {
                    "x": 1861,
                    "y": 2957,
                    "w": 67,
                    "h": 298
                },
                "confidence": 0.011489665135741234
            },
            {
                "boundingBox": {
                    "x": 5655,
                    "y": 2621,
                    "w": 47,
                    "h": 229
                },
                "confidence": 0.010061617009341717
            },
            {
                "boundingBox": {
                    "x": 3078,
                    "y": 2821,
                    "w": 1341,
                    "h": 641
                },
                "confidence": 0.006666894536465406
            },
            {
                "boundingBox": {
                    "x": 3581,
                    "y": 2780,
                    "w": 1448,
                    "h": 641
                },
                "confidence": 0.005082022398710251
            },
            {
                "boundingBox": {
                    "x": 5596,
                    "y": 2634,
                    "w": 107,
                    "h": 339
                },
                "confidence": 0.005025122780352831
            },
            {
                "boundingBox": {
                    "x": 5173,
                    "y": 2557,
                    "w": 52,
                    "h": 139
                },
                "confidence": 0.004920179024338722
            },
            {
                "boundingBox": {
                    "x": 5097,
                    "y": 2662,
                    "w": 51,
                    "h": 132
                },
                "confidence": 0.004796622321009636
            },
            {
                "boundingBox": {
                    "x": 2724,
                    "y": 3458,
                    "w": 94,
                    "h": 100
                },
                "confidence": 0.0032554662320762873
            },
            {
                "boundingBox": {
                    "x": 5653,
                    "y": 2584,
                    "w": 49,
                    "h": 134
                },
                "confidence": 0.003070264356210828
            },
            {
                "boundingBox": {
                    "x": 5650,
                    "y": 2776,
                    "w": 53,
                    "h": 198
                },
                "confidence": 0.003068153513595462
            },
            {
                "boundingBox": {
                    "x": 5175,
                    "y": 2622,
                    "w": 52,
                    "h": 168
                },
                "confidence": 0.0029762263875454664
            },
            {
                "boundingBox": {
                    "x": 5105,
                    "y": 2601,
                    "w": 122,
                    "h": 177
                },
                "confidence": 0.0025954737793654203
            },
            {
                "boundingBox": {
                    "x": 1099,
                    "y": 2966,
                    "w": 99,
                    "h": 287
                },
                "confidence": 0.0024163387715816498
            },
            {
                "boundingBox": {
                    "x": 4141,
                    "y": 2890,
                    "w": 190,
                    "h": 284
                },
                "confidence": 0.002305504633113742
            },
            {
                "boundingBox": {
                    "x": 1056,
                    "y": 3454,
                    "w": 148,
                    "h": 201
                },
                "confidence": 0.0018410327611491084
            },
            {
                "boundingBox": {
                    "x": 5594,
                    "y": 2604,
                    "w": 109,
                    "h": 133
                },
                "confidence": 0.0016558595234528184
            },
            {
                "boundingBox": {
                    "x": 1341,
                    "y": 2571,
                    "w": 1799,
                    "h": 1273
                },
                "confidence": 0.0016549795400351286
            },
            {
                "boundingBox": {
                    "x": 5236,
                    "y": 2695,
                    "w": 63,
                    "h": 256
                },
                "confidence": 0.0016343434108421206
            },
            {
                "boundingBox": {
                    "x": 5090,
                    "y": 2747,
                    "w": 43,
                    "h": 206
                },
                "confidence": 0.0016263702418655157
            },
            {
                "boundingBox": {
                    "x": 2457,
                    "y": 2810,
                    "w": 1440,
                    "h": 767
                },
                "confidence": 0.0013509721029549837
            },
            {
                "boundingBox": {
                    "x": 4157,
                    "y": 2728,
                    "w": 1535,
                    "h": 659
                },
                "confidence": 0.0013236391823738813
            },
            {
                "boundingBox": {
                    "x": 5475,
                    "y": 2548,
                    "w": 90,
                    "h": 150
                },
                "confidence": 0.0010437063174322248
            },
            {
                "boundingBox": {
                    "x": 4427,
                    "y": 2838,
                    "w": 111,
                    "h": 146
                },
                "confidence": 0.0010307496413588524
            }
        ]
    }
}