{
    "modelVersion": "2023-10-01",
    "metadata": {
        "width": 2048,
        "height": 1536
    },
    "peopleResult": {
        "values": [
            {
                "boundingBox": {
                    "x": 1498,
                    "y": 1114,
                    "w": 48,
                    "h": 91
                },
                "confidence": 0.07787053287029266
            },
            {
                "boundingBox": {
                    "x": 755,
                    "y": 1102,
                    "w": 136,
                    "h": 190
                },
                "confidence": 0.01616138219833374
            },
            {
                "boundingBox": {
                    "x": 1600,
                    "y": 1099,
                    "w": 62,
                    "h": 95
                },
                "confidence": 0.006258190609514713
            },
            {
                "boundingBox": {
                    "x": 393,
                    "y": 1061,
                    "w": 39,
                    "h": 105
                },
                "confidence": 0.004094623029232025
            },
            {
                "boundingBox": {
                    "x": 1826,
                    "y": 1033,
                    "w": 14,
                    "h": 21
                },
                "confidence": 0.0024007733445614576
            },
            {
                "boundingBox": {
                    "x": 1600,
                    "y": 1090,
                    "w": 43,
                    "h": 67
                },
                "confidence": 0.0023787624668329954
            },
            {
                "boundingBox": {
                    "x": 2027,
                    "y": 940,
                    "w": 18,
                    "h": 87
                },
                "confidence": 0.002270328812301159
            },
            {
                "boundingBox": {
                    "x": 785,
                    "y": 1103,
                    "w": 103,
                    "h": 100
                },
                "confidence": 0.0021621317137032747
            },
            {
                "boundingBox": {
                    "x": 1379,
                    "y": 1117,
                    "w": 55,
                    "h": 61
                },
                "confidence": 0.001709034200757742
            },
            {
                "boundingBox": {
                    "x": 727,
                    "y": 1100,
                    "w": 47,
                    "h": 49
                },
                "confidence": 0.0010224406141787767
            },
            {
                "boundingBox": {
                    "x": 2029,
                    "y": 994,
                    "w": 15,
                    "h": 73
                },
                "confidence": 0.0010220143012702465
            },
            {
                "boundingBox": {
                    "x": 2002,
                    "y": 947,
                    "w": 42,
                    "h": 118
                },
                "confidence": 0.0010217083618044853
            }
        ]
    }
}