{
    "modelVersion": "2023-10-01",
    "metadata": {
        "width": 2048,
        "height": 1536
    },
    "peopleResult": {
        "values": [
            {
                "boundingBox": {
                    "x": 2107,
                    "y": 2988,
                    "w": 189,
                    "h": 291
                },
                "confidence": 0.8988905549049377
            },
            {
                "boundingBox": {
                    "x": 3400,
                    "y": 2903,
                    "w": 97,
                    "h": 209
                },
                "confidence": 0.8788347244262695
            },
            {
                "boundingBox": {
                    "x": 4182,
                    "y": 2855,
                    "w": 108,
                    "h": 242
                },
                "confidence": 0.8737759590148926
            },
            {
                "boundingBox": {
                    "x": 4478, 
                    "y": 2855,    
                    "w": 56,
                    "h": 123
                },
                "confidence": 0.5791477560997009
            },
            {
                "boundingBox": {
                    "x": 1576,
                    "y": 1017,
                    "w": 91,
                    "h": 185
                },
                "confidence": 0.005082398187369108
            },
            {
                "boundingBox": {
                    "x": 2017,
                    "y": 945,
                    "w": 28,
                    "h": 120
                },
                "confidence": 0.0030931264627724886
            },
            {
                "boundingBox": {
                    "x": 378,
                    "y": 1068,
                    "w": 310,
                    "h": 274
                },
                "confidence": 0.0029793328139930964
            },
            {
                "boundingBox": {
                    "x": 1825,
                    "y": 1033,
                    "w": 15,
                    "h": 21
                },
                "confidence": 0.002751098945736885
            },
            {
                "boundingBox": {
                    "x": 392,
                    "y": 1061,
                    "w": 39,
                    "h": 104
                },
                "confidence": 0.0020082364790141582
            },
            {
                "boundingBox": {
                    "x": 479,
                    "y": 922,
                    "w": 647,
                    "h": 455
                },
                "confidence": 0.0017385892570018768
            },
            {
                "boundingBox": {
                    "x": 2027,
                    "y": 930,
                    "w": 18,
                    "h": 71
                },
                "confidence": 0.0012951865792274475
            },
            {
                "boundingBox": {
                    "x": 376,
                    "y": 1235,
                    "w": 56,
                    "h": 75
                },
                "confidence": 0.0011202436871826649
            }
        ]
    }
} 